2020-05-10 01:48:10,b'#shopping #christmas \nElectric Muscle Trainer 2/4/6/8 pcs Set\nWas Price $19.99\nNow Price $13.99\nVisting first time\xe2\x80\xa6 https://t.co/Um9MUEWAcS'
2020-05-10 01:46:59,b'6 #EmergingTechnologies Finding Competitive Advantage In 2019\nby @PwC @MikeQuindazzi\n\n#Digital #Tech #Technology\xe2\x80\xa6 https://t.co/jTSTqSSLEw'
2020-05-10 01:45:51,b'RT @OneLedgerTech: You can use the #OneWallet to buy your favourite #Domains on the #OneLedger network. \n\nOneWallet Kainos version launches\xe2\x80\xa6'
2020-05-10 01:45:50,b'RT @pradeeprao_: See the #Soccer practice using emerging #technology\n\n#AR #VFX #VR #games #gamenight\n\n@alvinfoo\n@chboursin\n@mvollmer1\n@Nevi\xe2\x80\xa6'
2020-05-10 01:45:45,"b'""Later it was granted a stay of JEDI activities between Microsoft and the DoD, which as you can imagine did not ple\xe2\x80\xa6 https://t.co/eviDy8AQWe'"
2020-05-10 01:45:40,"b""The latest Here's What the PR and Marketing Profs are Sharing Today! https://t.co/WX2dArGcWg Thanks to @kmatthews #socialmedia #technology"""
2020-05-10 01:44:38,b'RT @CodeFlawCo: It is important to publish regular updates on Twitter #programmer #coder #developer #technology RT @mc_oleh: Cybersecurity.\xe2\x80\xa6'
2020-05-10 01:44:16,b'RT @jdfarag: Facebook will start warning people who \xe2\x80\x98like\xe2\x80\x99 or react to fake coronavirus news\n\n#bibleprophecy #endtimes #information #techno\xe2\x80\xa6'
2020-05-10 01:43:37,b'RT @Fisheyebox: Watt vs Lumen\n\n#engineering #cybersecurity #artificialintelligence #technology #machinelearning #PHP #Python #Java #Javascr\xe2\x80\xa6'
2020-05-10 01:43:27,b'RT @Ronald_vanLoon: How Deepfake #Technology Will Enable The Next #BigData Breach\nby @analyticsinme\n\nGo to https://t.co/aQlMNZjDhh\n\n#MWC20\xe2\x80\xa6'
2020-05-10 01:43:01,b'RT @pradeeprao_: See the demo of #MixedReality \n\n#VirtualReality #AugmentedReality #handtracking #vr #mr #ar #technology #tech #ui #design\xe2\x80\xa6'
2020-05-10 01:43:00,"b'RT @tmj_van_eng: MDA is hiring in Richmond, BC, Canada! Read about our latest Engineers job opening via the link in our bio: Front End Soft\xe2\x80\xa6'"
2020-05-10 01:41:45,b'RT @Fisheyebox: Watt vs Lumen\n\n#engineering #cybersecurity #artificialintelligence #technology #machinelearning #PHP #Python #Java #Javascr\xe2\x80\xa6'
2020-05-10 01:41:37,b'RT @Fisheyebox: Watt vs Lumen\n\n#engineering #cybersecurity #artificialintelligence #technology #machinelearning #PHP #Python #Java #Javascr\xe2\x80\xa6'
2020-05-10 01:41:29,b'RT @Fisheyebox: Watt vs Lumen\n\n#engineering #cybersecurity #artificialintelligence #technology #machinelearning #PHP #Python #Java #Javascr\xe2\x80\xa6'
2020-05-10 01:41:26,b'RT @Fisheyebox: Watt vs Lumen\n\n#engineering #cybersecurity #artificialintelligence #technology #machinelearning #PHP #Python #Java #Javascr\xe2\x80\xa6'
2020-05-10 01:40:24,b'RT @Fisheyebox: Watt vs Lumen\n\n#engineering #cybersecurity #artificialintelligence #technology #machinelearning #PHP #Python #Java #Javascr\xe2\x80\xa6'
2020-05-10 01:40:21,b'RT @Fisheyebox: Watt vs Lumen\n\n#engineering #cybersecurity #artificialintelligence #technology #machinelearning #PHP #Python #Java #Javascr\xe2\x80\xa6'
2020-05-10 01:40:21,b'RT @Fisheyebox: Watt vs Lumen\n\n#engineering #cybersecurity #artificialintelligence #technology #machinelearning #PHP #Python #Java #Javascr\xe2\x80\xa6'
2020-05-10 01:40:16,b'RT @Fisheyebox: Watt vs Lumen\n\n#engineering #cybersecurity #artificialintelligence #technology #machinelearning #PHP #Python #Java #Javascr\xe2\x80\xa6'
2020-05-10 01:40:11,b'WHY STORYTELLING TRUMPS DATA EVERY TIME #socialmedia #blogging #technology https://t.co/zuFbBRVzsT RT @Andrew7000'
2020-05-10 01:40:06,b'WHAT IS YOUR PERSONAL TRUST SCORE? TAKE THIS QUICK TEST #socialmedia #blogging #technology https://t.co/gxtubjzjel RT @Andrew7000'
2020-05-10 01:40:06,b'HOW PODCASTING IS REVOLUTIONIZING COMMUNICATIONS #socialmedia #blogging #technology https://t.co/9PXmjiVrKj RT @Andrew7000'
2020-05-10 01:40:05,b'HOW STRONG IS YOUR PERSONAL BRAND? TAKE THE BRAND TEST #socialmedia #blogging #technology https://t.co/mrIpqB1NKz RT @Andrew7000'
2020-05-10 01:40:02,"b""Drawn into the fight against a sinister terrorist group with powerful connections, Noor must uncover the faction's\xe2\x80\xa6 https://t.co/dz5ssrsRkE"""
2020-05-10 01:39:45,b'RT @annirtal: @AstralBLP @ForkNews_io @coindar_ @arpaofficial @Waltonchain @joinrepublic @Algorand @AlgoFoundation @ArpaRussia @GCrypto_New\xe2\x80\xa6'
2020-05-10 01:39:04,b'Innovation happens when two or more unrelated ideas collide to create something new. The best collisions can change\xe2\x80\xa6 https://t.co/aS5Fp3xPvl'
2020-05-10 01:38:51,b'RT @tmclain903: Check out technologies that didn\xe2\x80\x99t exist 10 years ago and then take the challenge and add your own. What devices have chang\xe2\x80\xa6'
2020-05-10 01:38:11,b'RT @MoneyShow: Alexandria Real Estate is an urban office #REIT that specializes in l#aboratories and #research centers for #biotechnology a\xe2\x80\xa6'
2020-05-10 01:37:33,b'RT @annirtal: @AstralBLP @ForkNews_io @coindar_ @arpaofficial @Waltonchain @joinrepublic @Algorand @AlgoFoundation @ArpaRussia @GCrypto_New\xe2\x80\xa6'
2020-05-10 01:37:23,b'RT @UJJWALK17271420: And so far i can sense that there is no stopping to this cyber action! #cybersecurity #CyberCrimes #100DaysOfCode #dat\xe2\x80\xa6'
2020-05-10 01:37:21,b'Don\xe2\x80\x99t let social distancing slow you down. Touch-less networking is here.  \nVisit https://t.co/3OPD5MOt7k \n#nfc\xe2\x80\xa6 https://t.co/2xgSHmsSu6'
2020-05-10 01:37:08,"b'RT @CaliCali2000: Hi-tech China! Artificial Intelligence recognizes face and the food! No cashier, no credit cards, no cash and not even mo\xe2\x80\xa6'"
2020-05-10 01:37:05,b'RT @tmclain903: Check out technologies that didn\xe2\x80\x99t exist 10 years ago and then take the challenge and add your own. What devices have chang\xe2\x80\xa6'
2020-05-10 01:36:55,b'RT @GlenGilmore: \xf0\x9f\x98\xb1A black hole \xe2\x9a\xab\xef\xb8\x8f consuming a star \xf0\x9f\x8c\x8c \n\nCredit: @NASAGoddard via @UniverCurious #space #technology #STEM https://t.co/F4PWYp\xe2\x80\xa6'
2020-05-10 01:36:53,b'Use your smartphone as a guide as to where to get tested.\n\n #technology #Apple #covid19 https://t.co/iw57UPONiR'
2020-05-10 01:36:45,b'RT @Ronald_vanLoon: How Deepfake #Technology Will Enable The Next #BigData Breach\nby @analyticsinme\n\nGo to https://t.co/aQlMNZjDhh\n\n#MWC20\xe2\x80\xa6'
2020-05-10 01:36:35,b'RT @pradeeprao_: See the demo of #MixedReality \n\n#VirtualReality #AugmentedReality #handtracking #vr #mr #ar #technology #tech #ui #design\xe2\x80\xa6'
2020-05-10 01:35:08,b'RT @NitashaKaul: #Democracy dies a thousand deaths under some elected regimes..\n\n\xe2\x80\x9c#India is currently the only democratic nation in the wor\xe2\x80\xa6'
2020-05-10 01:34:05,"b""We added 'Covid-Wall \xe2\x80\x93 People Helping People during the Crisis' a new #technology campaign! https://t.co/TcHINF1p8g"""
2020-05-10 01:33:49,"b'Opinion: Google and Facebook didn\xe2\x80\x99t cause the newspaper industry\xe2\x80\x99s ills, and taxing them won\xe2\x80\x99t fix them \n\nREAD MORE\xe2\x80\xa6 https://t.co/bTlHiht4aT'"
2020-05-10 01:33:10,b'Anyone who has ever used a #SwampCooler knows that #WaterVapor has a #Cooling effect; seems the #Scientidiots are f\xe2\x80\xa6 https://t.co/A8OeIwRPbz'
2020-05-10 01:32:57,b'My first Review/Unboxing RedDragon Gaming 4 in 1 set https://t.co/q2v6dUADlU via @YouTube  #REDDRAGON #pcgaming #pc\xe2\x80\xa6 https://t.co/p0TpXTXZzA'
2020-05-10 01:32:46,b'Technology has been amazing keeping up with the demand since DL 2020 started and Zoom has made connections with oth\xe2\x80\xa6 https://t.co/zQgrSkPnkf'
2020-05-10 01:32:40,b'RT @DreamPCcustom: Agreed? \nAgreed.\n\n#technology #pc #gaming #custom #laptop #custompc #gamingpc #watercooled #desktop #pcgaming #customlap\xe2\x80\xa6'
2020-05-10 01:32:08,b'RT @Ronald_vanLoon: How Deepfake #Technology Will Enable The Next #BigData Breach\nby @analyticsinme\n\nGo to https://t.co/aQlMNZjDhh\n\n#MWC20\xe2\x80\xa6'
2020-05-10 01:32:04,b'\xe2\x80\x9cVerizon\xe2\x80\x9d #verizon #engineer #installing #technology #for #business #and #residence #a #man #working #outside\xe2\x80\xa6 https://t.co/as4IH73NU6'
2020-05-10 01:31:59,b'RT Via: https://t.co/o4jcPw9B9A\n\nHow Deepfake #Technology Will Enable The Next #BigData Breach\nby analyticsinme\n\nGo\xe2\x80\xa6 https://t.co/B1verVk0G1'
2020-05-10 01:31:43,b'RT @storyspark: WHY STORYTELLING TRUMPS DATA EVERY TIME #socialmedia #blogging #technology https://t.co/fCBdWDcDf0 RT @Andrew7000'
2020-05-10 01:31:29,b'RT @Ronald_vanLoon: How Deepfake #Technology Will Enable The Next #BigData Breach\nby @analyticsinme\n\nGo to https://t.co/aQlMNZjDhh\n\n#MWC20\xe2\x80\xa6'
2020-05-10 01:31:26,b'RT @Ronald_vanLoon: How Deepfake #Technology Will Enable The Next #BigData Breach\nby @analyticsinme\n\nGo to https://t.co/aQlMNZjDhh\n\n#MWC20\xe2\x80\xa6'
2020-05-10 01:31:22,b'RT @Ronald_vanLoon: How Deepfake #Technology Will Enable The Next #BigData Breach\nby @analyticsinme\n\nGo to https://t.co/aQlMNZjDhh\n\n#MWC20\xe2\x80\xa6'
2020-05-10 01:31:21,b'TCEA: Check out technologies that didn\xe2\x80\x99t exist 10 years ago and then take the challenge and add your own. What devi\xe2\x80\xa6 https://t.co/aTXNcIuiLf'
2020-05-10 01:31:14,b'RT @Accountspayable: Do the one thing you think you cannot do. Fail at it. Try again. Do better the second time. #Oprah Winfrey #leader #Ac\xe2\x80\xa6'
2020-05-10 01:30:32,"b'Major breach found in biometrics system used by banks, UK police and defence firms - Fingerprints, facial recogniti\xe2\x80\xa6 https://t.co/nlar970Vzf'"
2020-05-10 01:30:21,"b'RT @StartGrowthHack: The news channel presents weather in augmented reality, an immersive experience.\n\n#AR #VR #MixedReality #MR #Augmented\xe2\x80\xa6'"
2020-05-10 01:30:14,b'RT @pradeeprao_: See the demo of #MixedReality \n\n#VirtualReality #AugmentedReality #handtracking #vr #mr #ar #technology #tech #ui #design\xe2\x80\xa6'
2020-05-10 01:30:11,"b""The world's first DNA storage machine is the size of a bus #Futurism #FutureTrends #Futures #FutureTech #Technology\xe2\x80\xa6 https://t.co/EkEQnB0tN7"""
2020-05-10 01:30:09,"b""Upgraded my desk, 2 ft longer than my old one and it's adjustable, and so much cleaner underneath, all of the wires\xe2\x80\xa6 https://t.co/gIVwB7db8C"""
2020-05-10 01:30:07,b'RT @DreamPCcustom: Agreed? \nAgreed.\n\n#technology #pc #gaming #custom #laptop #custompc #gamingpc #watercooled #desktop #pcgaming #customlap\xe2\x80\xa6'
2020-05-10 01:29:38,b'RT @pradeeprao_: See the demo of #MixedReality \n\n#VirtualReality #AugmentedReality #handtracking #vr #mr #ar #technology #tech #ui #design\xe2\x80\xa6'
2020-05-10 01:29:28,b'Another reason why to study #Blockchain #Fintech as blockchain #jobs are demanding highest #salary for #tech roles\xe2\x80\xa6 https://t.co/nF2CCR1Wpn'
2020-05-10 01:29:25,"b'RT @CaliCali2000: Hi-tech China! Artificial Intelligence recognizes face and the food! No cashier, no credit cards, no cash and not even mo\xe2\x80\xa6'"
2020-05-10 01:29:25,b'RT TCEA: Check out technologies that didn\xe2\x80\x99t exist 10 years ago and then take the challenge and add your own. What d\xe2\x80\xa6 https://t.co/fCmZWgt5s4'
2020-05-10 01:29:00,b'RT @Ronald_vanLoon: How Deepfake #Technology Will Enable The Next #BigData Breach\nby @analyticsinme\n\nGo to https://t.co/aQlMNZjDhh\n\n#MWC20\xe2\x80\xa6'
2020-05-10 01:29:00,b'@Siemens @SiemensHealth @ #buildingAutomation shud come together to make the work places safer and healthier work p\xe2\x80\xa6 https://t.co/QDA43o8tSj'
2020-05-10 01:28:58,b'RT @pradeeprao_: See the demo of #MixedReality \n\n#VirtualReality #AugmentedReality #handtracking #vr #mr #ar #technology #tech #ui #design\xe2\x80\xa6'
2020-05-10 01:28:44,"b'RT @TheCryptoviser: #Cardano Not #Tezos, #EOS, or #Ethereum; Empty #XRP Transactions; #FunFair #Blockchain #Casino Updates\n\nvia https://t.c\xe2\x80\xa6'"
2020-05-10 01:27:22,b'RT @Ronald_vanLoon: How Deepfake #Technology Will Enable The Next #BigData Breach\nby @analyticsinme\n\nGo to https://t.co/aQlMNZjDhh\n\n#MWC20\xe2\x80\xa6'
2020-05-10 01:27:10,"b'RT @HaroldSinnott: #Coronavirus: How #ArtificialIntelligence, #DataScience And #Technology Is Used To Fight The Pandemic\n\nhttps://t.co/kmks\xe2\x80\xa6'"
2020-05-10 01:27:00,b'WHY STORYTELLING TRUMPS DATA EVERY TIME #socialmedia #blogging #technology https://t.co/fCBdWDcDf0 RT @Andrew7000'
2020-05-10 01:26:51,b'RT @AudreyDesisto: Women Changemakers in Cybersecurity\n\nhttps://t.co/G0WYb7VgL3 via @2securityblvd \n#CyberSecurity #womenintech #technology\xe2\x80\xa6'
2020-05-10 01:26:46,b'RT @AudreyDesisto: Women Changemakers in Cybersecurity\n\nhttps://t.co/G0WYb7VgL3 via @2securityblvd \n#CyberSecurity #womenintech #technology\xe2\x80\xa6'
2020-05-10 01:26:00,b'The danger of #AI is weirder than you think https://t.co/fgQS4OKKfU #AI #algorithm #artificialintelligence #future\xe2\x80\xa6 https://t.co/6gchA7Jsl8'
2020-05-10 01:25:13,"b'RT @TheCryptoviser: #Cardano Not #Tezos, #EOS, or #Ethereum; Empty #XRP Transactions; #FunFair #Blockchain #Casino Updates\n\nvia https://t.c\xe2\x80\xa6'"
2020-05-10 01:25:08,b'Wow starting Twitch has helped me realise how much I suck at technology #technology #twitchstreamer https://t.co/eJjMzg0vPr'
2020-05-10 01:25:05,b'RT @DexLinxListing: How to Install lsb_release on CentOS7 and Ubuntu!  #CentOS #CentOS7 #ubuntu #lsb #technology #tech #Cheatsheet #HowTo #\xe2\x80\xa6'
2020-05-10 01:24:06,b'How to Install lsb_release on CentOS7 and Ubuntu!  #CentOS #CentOS7 #ubuntu #lsb #technology #tech #Cheatsheet\xe2\x80\xa6 https://t.co/2CzEW7FvTh'
2020-05-10 01:23:29,b'RT @JansherRahman: How To Succeed In Wireframe Design https://t.co/1CeLdk9Ujv #programming #tech #programmer #webdesigntrends #webdesigncom\xe2\x80\xa6'
2020-05-10 01:22:51,b'RT @manifestcon: WHAT IS YOUR PERSONAL TRUST SCORE? TAKE THIS QUICK TEST #socialmedia #blogging #technology https://t.co/2dUFpmqjeg RT @And\xe2\x80\xa6'
2020-05-10 01:22:47,b'RT @RyanBiddulph: HOW PODCASTING IS REVOLUTIONIZING COMMUNICATIONS #socialmedia #blogging #technology https://t.co/4DLgo4iyyX RT @Andrew7000'
2020-05-10 01:22:42,b'RT @BloggersHQ: HOW STRONG IS YOUR PERSONAL BRAND? TAKE THE BRAND TEST #socialmedia #blogging #technology https://t.co/ZykHQ8n6LU RT @Andre\xe2\x80\xa6'
2020-05-10 01:22:39,b'RT @Ronald_vanLoon: This #AI Was As Good As The Experts At Detecting Breast Cancer\nby @JDSteenhuysen @wef\n\nLearn more https://t.co/5dCGAyzT\xe2\x80\xa6'
2020-05-10 01:22:14,b'RT @eLearning_Feed: Enrol on a Development Course https://t.co/RG24sa6hyT #development #webdesign #business #software #iot #bigdata #edtech\xe2\x80\xa6'
2020-05-10 01:22:03,b'RT @OntologyNetwork: Less than 48 hours from #ConsensusDistributed by @CoinDesk!\xf0\x9f\xa5\xb3 Register now\xf0\x9f\x91\x87 and meet the #Ontology team at our first-ev\xe2\x80\xa6'
2020-05-10 01:21:29,b'RT @tmclain903: Check out technologies that didn\xe2\x80\x99t exist 10 years ago and then take the challenge and add your own. What devices have chang\xe2\x80\xa6'
2020-05-10 01:21:26,b'RT @tmclain903: Check out technologies that didn\xe2\x80\x99t exist 10 years ago and then take the challenge and add your own. What devices have chang\xe2\x80\xa6'
2020-05-10 01:21:08,b'Check out technologies that didn\xe2\x80\x99t exist 10 years ago and then take the challenge and add your own. What devices ha\xe2\x80\xa6 https://t.co/hZVCsQjtDd'
2020-05-10 01:21:07,b'Where do you your #datagovernance capabilities lie on this scale? Talk to us to layout this for your firm and help\xe2\x80\xa6 https://t.co/A7PdFWvyy0'
2020-05-10 01:20:55,b'RT @5stocksinto: 5 Chinese Stocks Into Zinc https://t.co/iUWK04Mcfx #China #Mining #Stocks #Investment #Zinc #Chemicals #Commodities #Techn\xe2\x80\xa6'
2020-05-10 01:20:08,b'WHAT IS YOUR PERSONAL TRUST SCORE? TAKE THIS QUICK TEST #socialmedia #blogging #technology https://t.co/2dUFpmqjeg RT @Andrew7000'
2020-05-10 01:20:06,b'HOW PODCASTING IS REVOLUTIONIZING COMMUNICATIONS #socialmedia #blogging #technology https://t.co/4DLgo4iyyX RT @Andrew7000'
2020-05-10 01:20:05,b'HOW STRONG IS YOUR PERSONAL BRAND? TAKE THE BRAND TEST #socialmedia #blogging #technology https://t.co/ZykHQ8n6LU RT @Andrew7000'
2020-05-10 01:19:27,b'RT @Ronald_vanLoon: What Would You Like To Show?\nby @CEO_AISOMA\n\n#BigData #DataScience #Analytics #Technology #Data #DataAnalytics #Analysi\xe2\x80\xa6'
2020-05-10 01:18:58,b'#Tech #Info 300 Drones Illuminate the Sky to Honor Health Care Workers https://t.co/wCK3wd1nCW #Technology'
2020-05-10 01:18:25,b'RT @eleccafeblog: Apple iPhone SE vs $400 Android Smartphone - #followForMore #videos - https://t.co/Besz8xSNbN - #Tech #Technology #Web #A\xe2\x80\xa6'
2020-05-10 01:17:45,b'RT @pfizer: \xf0\x9f\xa7\xab\xf0\x9f\x94\xac\xf0\x9f\xa7\xaa mRNA #vaccines are a unique #technology and can be produced more rapidly than conventional vaccines. \n\nLearn more about how\xe2\x80\xa6'
2020-05-10 01:17:42,b'RT @TheNathanOne: This #AI tool helps customers monitor social distancing in the workplace.\n\nV/ @Fabriziobustama\n\n#Artificialintellgience #\xe2\x80\xa6'
2020-05-10 01:17:42,b'RT @eLearning_Feed: Enrol on a Development Course https://t.co/RG24sa6hyT #development #webdesign #business #software #iot #bigdata #edtech\xe2\x80\xa6'
2020-05-10 01:17:39,b'RT @TheInsaneApp: \xf0\x9f\x98\xb1 Crime Investigation with Holograms\n\n#theinsaneapp #AR #VR #AugmentedReality #VirtualReality #VRChat #MixedReality #tech\xe2\x80\xa6'
2020-05-10 01:49:36,b'RT @Ronald_vanLoon: 6 #EmergingTechnologies Finding Competitive Advantage In 2019\nby @PwC @MikeQuindazzi\n\n#Digital #Tech #Technology #CX #I\xe2\x80\xa6'
2020-05-10 01:49:00,b'RT @Ronald_vanLoon: 6 #EmergingTechnologies Finding Competitive Advantage In 2019\nby @PwC @MikeQuindazzi\n\n#Digital #Tech #Technology #CX #I\xe2\x80\xa6'
2020-05-10 01:48:10,b'#shopping #christmas \nElectric Muscle Trainer 2/4/6/8 pcs Set\nWas Price $19.99\nNow Price $13.99\nVisting first time\xe2\x80\xa6 https://t.co/Um9MUEWAcS'
2020-05-10 01:46:59,b'6 #EmergingTechnologies Finding Competitive Advantage In 2019\nby @PwC @MikeQuindazzi\n\n#Digital #Tech #Technology\xe2\x80\xa6 https://t.co/jTSTqSSLEw'
2020-05-10 01:45:51,b'RT @OneLedgerTech: You can use the #OneWallet to buy your favourite #Domains on the #OneLedger network. \n\nOneWallet Kainos version launches\xe2\x80\xa6'
2020-05-10 01:45:50,b'RT @pradeeprao_: See the #Soccer practice using emerging #technology\n\n#AR #VFX #VR #games #gamenight\n\n@alvinfoo\n@chboursin\n@mvollmer1\n@Nevi\xe2\x80\xa6'
2020-05-10 01:45:45,"b'""Later it was granted a stay of JEDI activities between Microsoft and the DoD, which as you can imagine did not ple\xe2\x80\xa6 https://t.co/eviDy8AQWe'"
2020-05-10 01:45:40,"b""The latest Here's What the PR and Marketing Profs are Sharing Today! https://t.co/WX2dArGcWg Thanks to @kmatthews #socialmedia #technology"""
2020-05-10 01:44:38,b'RT @CodeFlawCo: It is important to publish regular updates on Twitter #programmer #coder #developer #technology RT @mc_oleh: Cybersecurity.\xe2\x80\xa6'
2020-05-10 01:44:16,b'RT @jdfarag: Facebook will start warning people who \xe2\x80\x98like\xe2\x80\x99 or react to fake coronavirus news\n\n#bibleprophecy #endtimes #information #techno\xe2\x80\xa6'
2020-05-10 01:43:37,b'RT @Fisheyebox: Watt vs Lumen\n\n#engineering #cybersecurity #artificialintelligence #technology #machinelearning #PHP #Python #Java #Javascr\xe2\x80\xa6'
2020-05-10 01:43:27,b'RT @Ronald_vanLoon: How Deepfake #Technology Will Enable The Next #BigData Breach\nby @analyticsinme\n\nGo to https://t.co/aQlMNZjDhh\n\n#MWC20\xe2\x80\xa6'
2020-05-10 01:43:01,b'RT @pradeeprao_: See the demo of #MixedReality \n\n#VirtualReality #AugmentedReality #handtracking #vr #mr #ar #technology #tech #ui #design\xe2\x80\xa6'
2020-05-10 01:43:00,"b'RT @tmj_van_eng: MDA is hiring in Richmond, BC, Canada! Read about our latest Engineers job opening via the link in our bio: Front End Soft\xe2\x80\xa6'"
2020-05-10 01:41:45,b'RT @Fisheyebox: Watt vs Lumen\n\n#engineering #cybersecurity #artificialintelligence #technology #machinelearning #PHP #Python #Java #Javascr\xe2\x80\xa6'
2020-05-10 01:41:37,b'RT @Fisheyebox: Watt vs Lumen\n\n#engineering #cybersecurity #artificialintelligence #technology #machinelearning #PHP #Python #Java #Javascr\xe2\x80\xa6'
2020-05-10 01:41:29,b'RT @Fisheyebox: Watt vs Lumen\n\n#engineering #cybersecurity #artificialintelligence #technology #machinelearning #PHP #Python #Java #Javascr\xe2\x80\xa6'
2020-05-10 01:41:26,b'RT @Fisheyebox: Watt vs Lumen\n\n#engineering #cybersecurity #artificialintelligence #technology #machinelearning #PHP #Python #Java #Javascr\xe2\x80\xa6'
2020-05-10 01:40:24,b'RT @Fisheyebox: Watt vs Lumen\n\n#engineering #cybersecurity #artificialintelligence #technology #machinelearning #PHP #Python #Java #Javascr\xe2\x80\xa6'
2020-05-10 01:40:21,b'RT @Fisheyebox: Watt vs Lumen\n\n#engineering #cybersecurity #artificialintelligence #technology #machinelearning #PHP #Python #Java #Javascr\xe2\x80\xa6'
2020-05-10 01:40:21,b'RT @Fisheyebox: Watt vs Lumen\n\n#engineering #cybersecurity #artificialintelligence #technology #machinelearning #PHP #Python #Java #Javascr\xe2\x80\xa6'
2020-05-10 01:40:16,b'RT @Fisheyebox: Watt vs Lumen\n\n#engineering #cybersecurity #artificialintelligence #technology #machinelearning #PHP #Python #Java #Javascr\xe2\x80\xa6'
2020-05-10 01:40:11,b'WHY STORYTELLING TRUMPS DATA EVERY TIME #socialmedia #blogging #technology https://t.co/zuFbBRVzsT RT @Andrew7000'
2020-05-10 01:40:06,b'WHAT IS YOUR PERSONAL TRUST SCORE? TAKE THIS QUICK TEST #socialmedia #blogging #technology https://t.co/gxtubjzjel RT @Andrew7000'
2020-05-10 01:40:06,b'HOW PODCASTING IS REVOLUTIONIZING COMMUNICATIONS #socialmedia #blogging #technology https://t.co/9PXmjiVrKj RT @Andrew7000'
2020-05-10 01:40:05,b'HOW STRONG IS YOUR PERSONAL BRAND? TAKE THE BRAND TEST #socialmedia #blogging #technology https://t.co/mrIpqB1NKz RT @Andrew7000'
2020-05-10 01:40:02,"b""Drawn into the fight against a sinister terrorist group with powerful connections, Noor must uncover the faction's\xe2\x80\xa6 https://t.co/dz5ssrsRkE"""
2020-05-10 01:39:45,b'RT @annirtal: @AstralBLP @ForkNews_io @coindar_ @arpaofficial @Waltonchain @joinrepublic @Algorand @AlgoFoundation @ArpaRussia @GCrypto_New\xe2\x80\xa6'
2020-05-10 01:39:04,b'Innovation happens when two or more unrelated ideas collide to create something new. The best collisions can change\xe2\x80\xa6 https://t.co/aS5Fp3xPvl'
2020-05-10 01:38:51,b'RT @tmclain903: Check out technologies that didn\xe2\x80\x99t exist 10 years ago and then take the challenge and add your own. What devices have chang\xe2\x80\xa6'
2020-05-10 01:38:11,b'RT @MoneyShow: Alexandria Real Estate is an urban office #REIT that specializes in l#aboratories and #research centers for #biotechnology a\xe2\x80\xa6'
2020-05-10 01:37:33,b'RT @annirtal: @AstralBLP @ForkNews_io @coindar_ @arpaofficial @Waltonchain @joinrepublic @Algorand @AlgoFoundation @ArpaRussia @GCrypto_New\xe2\x80\xa6'
2020-05-10 01:37:23,b'RT @UJJWALK17271420: And so far i can sense that there is no stopping to this cyber action! #cybersecurity #CyberCrimes #100DaysOfCode #dat\xe2\x80\xa6'
2020-05-10 01:37:21,b'Don\xe2\x80\x99t let social distancing slow you down. Touch-less networking is here.  \nVisit https://t.co/3OPD5MOt7k \n#nfc\xe2\x80\xa6 https://t.co/2xgSHmsSu6'
2020-05-10 01:37:08,"b'RT @CaliCali2000: Hi-tech China! Artificial Intelligence recognizes face and the food! No cashier, no credit cards, no cash and not even mo\xe2\x80\xa6'"
2020-05-10 01:37:05,b'RT @tmclain903: Check out technologies that didn\xe2\x80\x99t exist 10 years ago and then take the challenge and add your own. What devices have chang\xe2\x80\xa6'
2020-05-10 01:36:55,b'RT @GlenGilmore: \xf0\x9f\x98\xb1A black hole \xe2\x9a\xab\xef\xb8\x8f consuming a star \xf0\x9f\x8c\x8c \n\nCredit: @NASAGoddard via @UniverCurious #space #technology #STEM https://t.co/F4PWYp\xe2\x80\xa6'
2020-05-10 01:36:53,b'Use your smartphone as a guide as to where to get tested.\n\n #technology #Apple #covid19 https://t.co/iw57UPONiR'
2020-05-10 01:36:45,b'RT @Ronald_vanLoon: How Deepfake #Technology Will Enable The Next #BigData Breach\nby @analyticsinme\n\nGo to https://t.co/aQlMNZjDhh\n\n#MWC20\xe2\x80\xa6'
2020-05-10 01:36:35,b'RT @pradeeprao_: See the demo of #MixedReality \n\n#VirtualReality #AugmentedReality #handtracking #vr #mr #ar #technology #tech #ui #design\xe2\x80\xa6'
2020-05-10 01:35:08,b'RT @NitashaKaul: #Democracy dies a thousand deaths under some elected regimes..\n\n\xe2\x80\x9c#India is currently the only democratic nation in the wor\xe2\x80\xa6'
2020-05-10 01:34:05,"b""We added 'Covid-Wall \xe2\x80\x93 People Helping People during the Crisis' a new #technology campaign! https://t.co/TcHINF1p8g"""
2020-05-10 01:33:49,"b'Opinion: Google and Facebook didn\xe2\x80\x99t cause the newspaper industry\xe2\x80\x99s ills, and taxing them won\xe2\x80\x99t fix them \n\nREAD MORE\xe2\x80\xa6 https://t.co/bTlHiht4aT'"
2020-05-10 01:33:10,b'Anyone who has ever used a #SwampCooler knows that #WaterVapor has a #Cooling effect; seems the #Scientidiots are f\xe2\x80\xa6 https://t.co/A8OeIwRPbz'
2020-05-10 01:32:57,b'My first Review/Unboxing RedDragon Gaming 4 in 1 set https://t.co/q2v6dUADlU via @YouTube  #REDDRAGON #pcgaming #pc\xe2\x80\xa6 https://t.co/p0TpXTXZzA'
2020-05-10 01:32:46,b'Technology has been amazing keeping up with the demand since DL 2020 started and Zoom has made connections with oth\xe2\x80\xa6 https://t.co/zQgrSkPnkf'
2020-05-10 01:32:40,b'RT @DreamPCcustom: Agreed? \nAgreed.\n\n#technology #pc #gaming #custom #laptop #custompc #gamingpc #watercooled #desktop #pcgaming #customlap\xe2\x80\xa6'
2020-05-10 01:32:08,b'RT @Ronald_vanLoon: How Deepfake #Technology Will Enable The Next #BigData Breach\nby @analyticsinme\n\nGo to https://t.co/aQlMNZjDhh\n\n#MWC20\xe2\x80\xa6'
2020-05-10 01:32:04,b'\xe2\x80\x9cVerizon\xe2\x80\x9d #verizon #engineer #installing #technology #for #business #and #residence #a #man #working #outside\xe2\x80\xa6 https://t.co/as4IH73NU6'
2020-05-10 01:31:59,b'RT Via: https://t.co/o4jcPw9B9A\n\nHow Deepfake #Technology Will Enable The Next #BigData Breach\nby analyticsinme\n\nGo\xe2\x80\xa6 https://t.co/B1verVk0G1'
2020-05-10 01:31:43,b'RT @storyspark: WHY STORYTELLING TRUMPS DATA EVERY TIME #socialmedia #blogging #technology https://t.co/fCBdWDcDf0 RT @Andrew7000'
2020-05-10 01:31:29,b'RT @Ronald_vanLoon: How Deepfake #Technology Will Enable The Next #BigData Breach\nby @analyticsinme\n\nGo to https://t.co/aQlMNZjDhh\n\n#MWC20\xe2\x80\xa6'
2020-05-10 01:31:26,b'RT @Ronald_vanLoon: How Deepfake #Technology Will Enable The Next #BigData Breach\nby @analyticsinme\n\nGo to https://t.co/aQlMNZjDhh\n\n#MWC20\xe2\x80\xa6'
2020-05-10 01:31:22,b'RT @Ronald_vanLoon: How Deepfake #Technology Will Enable The Next #BigData Breach\nby @analyticsinme\n\nGo to https://t.co/aQlMNZjDhh\n\n#MWC20\xe2\x80\xa6'
2020-05-10 01:31:21,b'TCEA: Check out technologies that didn\xe2\x80\x99t exist 10 years ago and then take the challenge and add your own. What devi\xe2\x80\xa6 https://t.co/aTXNcIuiLf'
2020-05-10 01:31:14,b'RT @Accountspayable: Do the one thing you think you cannot do. Fail at it. Try again. Do better the second time. #Oprah Winfrey #leader #Ac\xe2\x80\xa6'
2020-05-10 01:30:32,"b'Major breach found in biometrics system used by banks, UK police and defence firms - Fingerprints, facial recogniti\xe2\x80\xa6 https://t.co/nlar970Vzf'"
2020-05-10 01:30:21,"b'RT @StartGrowthHack: The news channel presents weather in augmented reality, an immersive experience.\n\n#AR #VR #MixedReality #MR #Augmented\xe2\x80\xa6'"
2020-05-10 01:30:14,b'RT @pradeeprao_: See the demo of #MixedReality \n\n#VirtualReality #AugmentedReality #handtracking #vr #mr #ar #technology #tech #ui #design\xe2\x80\xa6'
2020-05-10 01:30:11,"b""The world's first DNA storage machine is the size of a bus #Futurism #FutureTrends #Futures #FutureTech #Technology\xe2\x80\xa6 https://t.co/EkEQnB0tN7"""
2020-05-10 01:30:09,"b""Upgraded my desk, 2 ft longer than my old one and it's adjustable, and so much cleaner underneath, all of the wires\xe2\x80\xa6 https://t.co/gIVwB7db8C"""
2020-05-10 01:30:07,b'RT @DreamPCcustom: Agreed? \nAgreed.\n\n#technology #pc #gaming #custom #laptop #custompc #gamingpc #watercooled #desktop #pcgaming #customlap\xe2\x80\xa6'
2020-05-10 01:29:38,b'RT @pradeeprao_: See the demo of #MixedReality \n\n#VirtualReality #AugmentedReality #handtracking #vr #mr #ar #technology #tech #ui #design\xe2\x80\xa6'
2020-05-10 01:29:28,b'Another reason why to study #Blockchain #Fintech as blockchain #jobs are demanding highest #salary for #tech roles\xe2\x80\xa6 https://t.co/nF2CCR1Wpn'
2020-05-10 01:29:25,"b'RT @CaliCali2000: Hi-tech China! Artificial Intelligence recognizes face and the food! No cashier, no credit cards, no cash and not even mo\xe2\x80\xa6'"
2020-05-10 01:29:25,b'RT TCEA: Check out technologies that didn\xe2\x80\x99t exist 10 years ago and then take the challenge and add your own. What d\xe2\x80\xa6 https://t.co/fCmZWgt5s4'
2020-05-10 01:29:00,b'RT @Ronald_vanLoon: How Deepfake #Technology Will Enable The Next #BigData Breach\nby @analyticsinme\n\nGo to https://t.co/aQlMNZjDhh\n\n#MWC20\xe2\x80\xa6'
2020-05-10 01:29:00,b'@Siemens @SiemensHealth @ #buildingAutomation shud come together to make the work places safer and healthier work p\xe2\x80\xa6 https://t.co/QDA43o8tSj'
2020-05-10 01:28:58,b'RT @pradeeprao_: See the demo of #MixedReality \n\n#VirtualReality #AugmentedReality #handtracking #vr #mr #ar #technology #tech #ui #design\xe2\x80\xa6'
2020-05-10 01:28:44,"b'RT @TheCryptoviser: #Cardano Not #Tezos, #EOS, or #Ethereum; Empty #XRP Transactions; #FunFair #Blockchain #Casino Updates\n\nvia https://t.c\xe2\x80\xa6'"
2020-05-10 01:27:22,b'RT @Ronald_vanLoon: How Deepfake #Technology Will Enable The Next #BigData Breach\nby @analyticsinme\n\nGo to https://t.co/aQlMNZjDhh\n\n#MWC20\xe2\x80\xa6'
2020-05-10 01:27:10,"b'RT @HaroldSinnott: #Coronavirus: How #ArtificialIntelligence, #DataScience And #Technology Is Used To Fight The Pandemic\n\nhttps://t.co/kmks\xe2\x80\xa6'"
2020-05-10 01:27:00,b'WHY STORYTELLING TRUMPS DATA EVERY TIME #socialmedia #blogging #technology https://t.co/fCBdWDcDf0 RT @Andrew7000'
2020-05-10 01:26:51,b'RT @AudreyDesisto: Women Changemakers in Cybersecurity\n\nhttps://t.co/G0WYb7VgL3 via @2securityblvd \n#CyberSecurity #womenintech #technology\xe2\x80\xa6'
2020-05-10 01:26:46,b'RT @AudreyDesisto: Women Changemakers in Cybersecurity\n\nhttps://t.co/G0WYb7VgL3 via @2securityblvd \n#CyberSecurity #womenintech #technology\xe2\x80\xa6'
2020-05-10 01:26:00,b'The danger of #AI is weirder than you think https://t.co/fgQS4OKKfU #AI #algorithm #artificialintelligence #future\xe2\x80\xa6 https://t.co/6gchA7Jsl8'
2020-05-10 01:25:13,"b'RT @TheCryptoviser: #Cardano Not #Tezos, #EOS, or #Ethereum; Empty #XRP Transactions; #FunFair #Blockchain #Casino Updates\n\nvia https://t.c\xe2\x80\xa6'"
2020-05-10 01:25:08,b'Wow starting Twitch has helped me realise how much I suck at technology #technology #twitchstreamer https://t.co/eJjMzg0vPr'
2020-05-10 01:25:05,b'RT @DexLinxListing: How to Install lsb_release on CentOS7 and Ubuntu!  #CentOS #CentOS7 #ubuntu #lsb #technology #tech #Cheatsheet #HowTo #\xe2\x80\xa6'
2020-05-10 01:24:06,b'How to Install lsb_release on CentOS7 and Ubuntu!  #CentOS #CentOS7 #ubuntu #lsb #technology #tech #Cheatsheet\xe2\x80\xa6 https://t.co/2CzEW7FvTh'
2020-05-10 01:23:29,b'RT @JansherRahman: How To Succeed In Wireframe Design https://t.co/1CeLdk9Ujv #programming #tech #programmer #webdesigntrends #webdesigncom\xe2\x80\xa6'
2020-05-10 01:22:51,b'RT @manifestcon: WHAT IS YOUR PERSONAL TRUST SCORE? TAKE THIS QUICK TEST #socialmedia #blogging #technology https://t.co/2dUFpmqjeg RT @And\xe2\x80\xa6'
2020-05-10 01:22:47,b'RT @RyanBiddulph: HOW PODCASTING IS REVOLUTIONIZING COMMUNICATIONS #socialmedia #blogging #technology https://t.co/4DLgo4iyyX RT @Andrew7000'
2020-05-10 01:22:42,b'RT @BloggersHQ: HOW STRONG IS YOUR PERSONAL BRAND? TAKE THE BRAND TEST #socialmedia #blogging #technology https://t.co/ZykHQ8n6LU RT @Andre\xe2\x80\xa6'
2020-05-10 01:22:39,b'RT @Ronald_vanLoon: This #AI Was As Good As The Experts At Detecting Breast Cancer\nby @JDSteenhuysen @wef\n\nLearn more https://t.co/5dCGAyzT\xe2\x80\xa6'
2020-05-10 01:22:14,b'RT @eLearning_Feed: Enrol on a Development Course https://t.co/RG24sa6hyT #development #webdesign #business #software #iot #bigdata #edtech\xe2\x80\xa6'
2020-05-10 01:22:03,b'RT @OntologyNetwork: Less than 48 hours from #ConsensusDistributed by @CoinDesk!\xf0\x9f\xa5\xb3 Register now\xf0\x9f\x91\x87 and meet the #Ontology team at our first-ev\xe2\x80\xa6'
2020-05-10 01:21:29,b'RT @tmclain903: Check out technologies that didn\xe2\x80\x99t exist 10 years ago and then take the challenge and add your own. What devices have chang\xe2\x80\xa6'
2020-05-10 01:21:26,b'RT @tmclain903: Check out technologies that didn\xe2\x80\x99t exist 10 years ago and then take the challenge and add your own. What devices have chang\xe2\x80\xa6'
2020-05-10 01:21:08,b'Check out technologies that didn\xe2\x80\x99t exist 10 years ago and then take the challenge and add your own. What devices ha\xe2\x80\xa6 https://t.co/hZVCsQjtDd'
2020-05-10 01:21:07,b'Where do you your #datagovernance capabilities lie on this scale? Talk to us to layout this for your firm and help\xe2\x80\xa6 https://t.co/A7PdFWvyy0'
2020-05-10 01:20:55,b'RT @5stocksinto: 5 Chinese Stocks Into Zinc https://t.co/iUWK04Mcfx #China #Mining #Stocks #Investment #Zinc #Chemicals #Commodities #Techn\xe2\x80\xa6'
2020-05-10 01:20:08,b'WHAT IS YOUR PERSONAL TRUST SCORE? TAKE THIS QUICK TEST #socialmedia #blogging #technology https://t.co/2dUFpmqjeg RT @Andrew7000'
2020-05-10 01:20:06,b'HOW PODCASTING IS REVOLUTIONIZING COMMUNICATIONS #socialmedia #blogging #technology https://t.co/4DLgo4iyyX RT @Andrew7000'
2020-05-10 01:20:05,b'HOW STRONG IS YOUR PERSONAL BRAND? TAKE THE BRAND TEST #socialmedia #blogging #technology https://t.co/ZykHQ8n6LU RT @Andrew7000'
2020-05-10 01:19:27,b'RT @Ronald_vanLoon: What Would You Like To Show?\nby @CEO_AISOMA\n\n#BigData #DataScience #Analytics #Technology #Data #DataAnalytics #Analysi\xe2\x80\xa6'
2020-05-10 01:18:58,b'#Tech #Info 300 Drones Illuminate the Sky to Honor Health Care Workers https://t.co/wCK3wd1nCW #Technology'
2020-05-10 01:18:25,b'RT @eleccafeblog: Apple iPhone SE vs $400 Android Smartphone - #followForMore #videos - https://t.co/Besz8xSNbN - #Tech #Technology #Web #A\xe2\x80\xa6'
2020-05-10 01:17:45,b'RT @pfizer: \xf0\x9f\xa7\xab\xf0\x9f\x94\xac\xf0\x9f\xa7\xaa mRNA #vaccines are a unique #technology and can be produced more rapidly than conventional vaccines. \n\nLearn more about how\xe2\x80\xa6'
2020-05-10 01:17:42,b'RT @TheNathanOne: This #AI tool helps customers monitor social distancing in the workplace.\n\nV/ @Fabriziobustama\n\n#Artificialintellgience #\xe2\x80\xa6'
